{
  "project_info": {
    "project_number": "1084554735411",
    "firebase_url": "https://autom-5c132.firebaseio.com",
    "project_id": "autom-5c132",
    "storage_bucket": "autom-5c132.appspot.com"
  },
  "client": [
    {
      "client_info": {
        "mobilesdk_app_id": "1:1084554735411:android:60d1c485b1b874b7",
        "android_client_info": {
          "package_name": "com.example.lepocube.autom"
        }
      },
      "oauth_client": [
        {
          "client_id": "1084554735411-kecmjqmufiic69a1sbgb2hu2gleui4q1.apps.googleusercontent.com",
          "client_type": 1,
          "android_info": {
            "package_name": "com.example.lepocube.autom",
            "certificate_hash": "7c95d8b3c4a4dcd8ba050b8fcc0adcda9aa62fd1"
          }
        },
        {
          "client_id": "1084554735411-javrl0taaubqte2hmlkfqst648po2k57.apps.googleusercontent.com",
          "client_type": 3
        }
      ],
      "api_key": [
        {
          "current_key": "AIzaSyDfYNYBiErng28UxCRskqLuHZqCTuq41Wg"
        }
      ],
      "services": {
        "analytics_service": {
          "status": 1
        },
        "appinvite_service": {
          "status": 2,
          "other_platform_oauth_client": [
            {
              "client_id": "1084554735411-javrl0taaubqte2hmlkfqst648po2k57.apps.googleusercontent.com",
              "client_type": 3
            }
          ]
        },
        "ads_service": {
          "status": 2
        }
      }
    }
  ],
  "configuration_version": "1"
}